id;apellido;fechaHora
CITA-071;Naranjo;2025-03-01T18:09
CITA-036;Cedeño;2025-03-02T09:49
CITA-017;Cedeño;2025-03-02T10:03
CITA-082;Naranjo;2025-03-08T12:48
CITA-008;Naranjo;2025-03-03T08:14
CITA-095;Guerrero;2025-03-22T18:07
CITA-070;Naranjo;2025-03-11T14:03
CITA-027;Guerrero;2025-03-05T10:18
CITA-078;Cedeño;2025-03-05T10:39
CITA-063;Guerrero;2025-03-05T10:52
CITA-054;Guerrero;2025-03-05T16:13
CITA-018;Naranjo;2025-03-06T12:44
CITA-004;Guerrero;2025-03-06T13:28
CITA-100;Guerrero;2025-03-06T14:30
CITA-097;Guerrero;2025-03-07T11:59
CITA-062;Guerrero;2025-03-08T08:53
CITA-013;Guerrero;2025-03-02T15:30
CITA-014;Naranjo;2025-03-08T17:17
CITA-020;Naranjo;2025-03-09T15:45
CITA-088;Cedeño;2025-03-09T17:56
CITA-001;Cedeño;2025-03-10T09:07
CITA-041;Naranjo;2025-03-10T10:31
CITA-077;Guerrero;2025-03-10T12:01
CITA-087;Naranjo;2025-03-10T13:28
CITA-067;Naranjo;2025-03-10T13:30
CITA-045;Naranjo;2025-03-10T16:23
CITA-019;Guerrero;2025-03-10T17:26
CITA-044;Naranjo;2025-03-10T17:44
CITA-074;Naranjo;2025-03-11T08:44
CITA-060;Guerrero;2025-03-04T09:59
CITA-011;Cedeño;2025-03-12T12:51
CITA-057;Guerrero;2025-03-12T14:53
CITA-048;Naranjo;2025-03-12T16:37
CITA-068;Cedeño;2025-03-13T09:55
CITA-084;Naranjo;2025-03-13T12:50
CITA-016;Guerrero;2025-03-13T18:39
CITA-038;Cedeño;2025-03-14T08:08
CITA-091;Guerrero;2025-03-14T16:52
CITA-028;Naranjo;2025-03-15T09:59
CITA-035;Guerrero;2025-03-15T13:13
CITA-009;Guerrero;2025-03-16T08:46
CITA-065;Naranjo;2025-03-16T10:01
CITA-073;Guerrero;2025-03-16T11:48
CITA-061;Naranjo;2025-03-16T13:50
CITA-026;Cedeño;2025-03-17T09:31
CITA-098;Guerrero;2025-03-17T10:38
CITA-010;Cedeño;2025-03-17T16:44
CITA-047;Naranjo;2025-03-18T12:36
CITA-043;Guerrero;2025-03-18T14:24
CITA-056;Naranjo;2025-03-18T16:42
CITA-006;Guerrero;2025-03-18T16:53
CITA-085;Cedeño;2025-03-18T18:08
CITA-072;Naranjo;2025-03-22T17:52
CITA-033;Guerrero;2025-03-19T10:24
CITA-022;Guerrero;2025-03-19T13:26
CITA-039;Cedeño;2025-03-19T14:38
CITA-080;Cedeño;2025-03-19T16:41
CITA-051;Cedeño;2025-03-20T08:03
CITA-003;Guerrero;2025-03-20T08:40
CITA-096;Cedeño;2025-03-20T10:09
CITA-049;Cedeño;2025-03-20T10:12
CITA-023;Cedeño;2025-03-20T11:30
CITA-050;Guerrero;2025-03-20T13:02
CITA-052;Guerrero;2025-03-20T17:15
CITA-081;Naranjo;2025-03-21T08:42
CITA-040;Naranjo;2025-03-22T08:31
CITA-055;Cedeño;2025-03-22T09:13
CITA-092;Naranjo;2025-03-22T11:44
CITA-024;Naranjo;2025-03-22T14:13
CITA-007;Guerrero;2025-03-22T14:47
CITA-075;Guerrero;2025-03-28T18:53
CITA-064;Cedeño;2025-03-03T13:38
CITA-059;Cedeño;2025-03-23T11:18
CITA-030;Naranjo;2025-03-23T13:48
CITA-029;Cedeño;2025-03-23T18:01
CITA-034;Cedeño;2025-03-23T18:46
CITA-037;Naranjo;2025-03-26T08:54
CITA-090;Guerrero;2025-03-26T12:19
CITA-069;Naranjo;2025-03-26T13:31
CITA-002;Cedeño;2025-03-26T14:28
CITA-015;Naranjo;2025-03-26T14:58
CITA-094;Naranjo;2025-03-26T18:27
CITA-005;Cedeño;2025-03-27T08:13
CITA-025;Guerrero;2025-03-27T10:16
CITA-099;Cedeño;2025-03-27T11:43
CITA-083;Cedeño;2025-03-27T13:04
CITA-066;Cedeño;2025-03-27T13:40
CITA-053;Cedeño;2025-03-27T15:26
CITA-079;Guerrero;2025-03-28T09:27
CITA-086;Naranjo;2025-03-28T11:48
CITA-093;Naranjo;2025-03-28T14:44
CITA-032;Guerrero;2025-03-18T18:47
CITA-076;Guerrero;2025-03-29T09:52
CITA-021;Cedeño;2025-03-30T12:45
CITA-058;Naranjo;2025-03-30T12:51
CITA-046;Cedeño;2025-03-30T14:30
CITA-012;Naranjo;2025-03-30T16:32
CITA-089;Cedeño;2025-03-30T17:43
CITA-031;Guerrero;2025-03-31T15:05
CITA-042;Guerrero;2025-03-31T17:48
